modelo,accuracy_test,f1_macro_test,precision_macro_test,recall_macro_test,roc_auc_macro_test
A_MobileNetV3Small,0.8452380952380952,0.7971421636874756,0.8155298579826882,0.7968959168934342,0.962869352037662
B_EfficientNetB0,0.746031746031746,0.6983414868353143,0.7362825482011529,0.7248185142673722,0.9466779876944114
C_ResNet50,0.6825396825396826,0.6586279339755089,0.6681598615809142,0.6899873862758668,0.9290254426052966
